transfer_id,departure_object_id,arrival_object_id,departure_epoch,time_of_flight,revolutions,prograde,departure_position_x,departure_position_y,departure_position_z,departure_velocity_x,departure_velocity_y,departure_velocity_z,departure_semi_major_axis,departure_eccentricity,departure_inclination,departure_argument_of_periapsis,departure_longitude_of_ascending_node,departure_true_anomaly,arrival_position_x,arrival_position_y,arrival_position_z,arrival_velocity_x,arrival_velocity_y,arrival_velocity_z,arrival_semi_major_axis,arrival_eccentricity,arrival_inclination,arrival_argument_of_periapsis,arrival_longitude_of_ascending_node,arrival_true_anomaly,transfer_semi_major_axis,transfer_eccentricity,transfer_inclination,transfer_argument_of_periapsis,transfer_longitude_of_ascending_node,transfer_true_anomaly,departure_delta_v_x,departure_delta_v_y,departure_delta_v_z,arrival_delta_v_x,arrival_delta_v_y,arrival_delta_v_z,transfer_delta_v
124578,12159,9980,2.4574e+06,86460,2,1,-21844.1,7260.74,9319.49,-1.92029,-0.848493,3.51887,26033.4,0.674807,1.12408,4.45246,2.62552,2.25988,-24639.1,-4051.88,32288.3,0.771991,-1.16363,1.05872,24216.1,0.71477,1.08965,4.36187,2.56351,3.02387,24424.2,0.703632,1.11686,4.34584,2.62185,2.3681,-0.0735477,0.103799,-0.164598,-0.0544463,-0.0517737,-0.0778915,0.316251
124580,12159,9980,2.4574e+06,172820,4,1,-21844.1,7260.74,9319.49,-1.92029,-0.848493,3.51887,26033.4,0.674807,1.12408,4.45246,2.62552,2.25988,-8323.94,-14142.2,31390.3,1.98697,-0.444407,-1.37854,24215.4,0.714819,1.0896,4.36228,2.56022,3.51457,24300.3,0.71229,1.0891,4.33547,2.60743,2.38497,-0.142044,0.068925,-0.226916,-0.0484302,-0.0578223,-0.0327672,0.358673
82905,9980,12159,2.4574e+06,172820,4,1,-19251.6,8291.71,6723.95,-2.60126,-0.531388,3.5648,24219.7,0.714619,1.0898,4.36182,2.5667,2.27312,-26338.4,1076.97,25354.6,0.00619192,-1.2333,2.22771,26030.8,0.674925,1.124,4.45189,2.62179,2.70807,25950.6,0.694564,1.08173,4.46977,2.56335,2.16673,0.0249897,-0.144597,0.144691,0.13219,0.0666956,0.0527235,0.363248
124595,12159,9980,2.4574e+06,172820,4,1,-24027.9,5943.06,14007.1,-1.24079,-1.04475,3.17609,26032.1,0.674832,1.12405,4.45229,2.62459,2.4086,3709.86,-13632.7,17885.7,2.08527,0.908952,-3.65239,24214.1,0.714737,1.08963,4.36242,2.55855,3.9754,23938.4,0.706717,1.07587,4.34699,2.58872,2.53017,-0.0808883,0.00552507,-0.251604,-0.0661331,-0.0333182,-0.0734907,0.368673
124577,12159,9980,2.4574e+06,43280,1,1,-21844.1,7260.74,9319.49,-1.92029,-0.848493,3.51887,26033.4,0.674807,1.12408,4.45246,2.62552,2.25988,-26316.1,2687.46,23162.3,-0.270117,-1.18078,2.17854,24216.2,0.714685,1.08971,4.36175,2.56513,2.75915,24607.9,0.69818,1.15205,4.35344,2.63951,2.35303,-0.0099786,0.170246,-0.095857,-0.10975,-0.101597,-0.120351,0.387599
82904,9980,12159,2.4574e+06,129640,3,1,-19251.6,8291.71,6723.95,-2.60126,-0.531388,3.5648,24219.7,0.714619,1.0898,4.36182,2.5667,2.27312,-26130.5,2740.26,22080.1,-0.316787,-1.20965,2.52043,26031,0.674895,1.12401,4.45201,2.62272,2.6255,25919.9,0.69771,1.0691,4.46515,2.55803,2.17387,-0.0095999,-0.163102,0.114508,0.159262,0.0805699,0.0792805,0.394814
124594,12159,9980,2.4574e+06,129640,3,1,-24027.9,5943.06,14007.1,-1.24079,-1.04475,3.17609,26032.1,0.674832,1.12405,4.45229,2.62459,2.4086,-8284.19,-14151.1,31362.6,1.98846,-0.441868,-1.38417,24215.4,0.714819,1.0896,4.36228,2.56022,3.51567,23934.9,0.688669,1.08908,4.35817,2.59878,2.51428,0.00824618,-0.0159683,-0.220978,-0.0478307,0.0405076,-0.162261,0.395654
109325,11079,7382,2.4574e+06,172820,4,1,13704.2,-14199,31409.1,1.21789,1.07771,-1.66516,24797.8,0.712822,1.09301,4.67489,3.30718,3.48515,-14926.7,-4198.08,2524.33,-2.32998,-2.74727,4.3035,20708.2,0.674018,1.08686,4.46541,3.33008,2.00031,25144.6,0.694927,1.08672,4.64425,3.33005,3.50521,0.0510253,0.0523015,0.00620949,0.00160383,0.152996,-0.283951,0.395882
124579,12159,9980,2.4574e+06,129640,3,1,-21844.1,7260.74,9319.49,-1.92029,-0.848493,3.51887,26033.4,0.674807,1.12408,4.45246,2.62552,2.25988,-18190.9,-10068.4,35218.5,1.4682,-0.935431,-0.0414952,24216,0.714821,1.08961,4.36206,2.56187,3.25237,24279,0.718646,1.1015,4.32294,2.61393,2.39453,-0.150113,0.12038,-0.222387,-0.0621716,-0.0817511,0.0235822,0.399455
66138,8621,15387,2.4574e+06,86460,2,1,5063.35,-23565.6,-7581.36,2.07856,3.0208,1.45335,24924.3,0.719288,0.381054,1.44809,5.82688,3.8964,-25505.7,-16315,-10747.8,-0.148061,-2.48851,-1.17475,23149.8,0.708912,0.448316,1.32103,6.0221,2.7022,23743,0.734819,0.388253,1.53871,5.80132,3.82947,-0.126258,-0.0454563,-0.00490472,0.205136,0.131877,-0.15806,0.424893
122200,11909,10155,2.4574e+06,172820,4,1,-17960.3,-4206.49,5910.24,-1.86645,-2.28461,4.20058,26916.9,0.713487,1.09597,4.60096,3.2062,2.03242,-13754.9,-17508.1,34576.7,1.25751,-0.764975,1.33419,25819.1,0.724362,1.08689,4.64563,3.09164,2.89023,25461.8,0.705727,1.12817,4.55384,3.2192,2.07378,0.020311,0.150105,-0.0128251,-0.0901877,-0.257892,0.0471518,0.429261
82920,9980,12159,2.4574e+06,172820,4,1,-26293.7,2781.79,22987.3,-0.289513,-1.17877,2.19556,24216.2,0.714684,1.08971,4.36175,2.56514,2.75468,-26133.7,-628.184,28273.9,0.28173,-1.23592,1.94507,26030.7,0.674953,1.12398,4.45177,2.62086,2.78274,26357.9,0.643969,1.08839,4.49302,2.56351,2.62416,0.0814831,-0.182776,0.199044,-0.0306608,0.148595,0.0567557,0.444243
232630,16657,18953,2.4574e+06,172820,4,1,-18828.7,12790.5,1686.06,0.927126,-4.22912,0.0372696,24633.9,0.725148,0.116589,2.99753,1.86017,3.97371,14494,17174.7,-1329.08,-0.296562,4.29336,0.133699,23623.9,0.715294,0.120475,3.44896,1.38024,2.32073,25700.6,0.747007,0.0900942,3.27154,1.58357,3.97487,0.129561,-0.0479319,-0.127787,-0.157589,-0.165651,0.12629,0.44938
66129,8621,15387,2.4574e+06,129640,3,1,-23016.8,-3350.54,-5250.82,-2.30445,-3.12811,-1.53138,24924.3,0.719276,0.381102,1.44443,5.82924,2.33076,-8455.33,-32016.3,-15923.8,2.02135,0.43256,0.453088,23150.2,0.70891,0.448237,1.32301,6.02072,3.39322,23873.6,0.683687,0.449616,1.35061,5.94094,2.32231,0.251547,0.0437155,-0.203246,-0.0997052,-0.0161347,-0.0944006,0.464587
178864,15387,8621,2.4574e+06,129640,3,1,553.403,-27394.9,-12683.1,2.19278,1.78242,1.09499,23149.2,0.708905,0.44825,1.30921,6.02875,3.65185,-26067.1,-8912.43,-7872.54,-1.30838,-2.91315,-1.27831,24925.3,0.719313,0.381068,1.46378,5.81849,2.50911,24661.7,0.725348,0.45338,1.2939,5.98588,3.70575,0.00709549,0.18813,0.136996,-0.0225085,-0.119729,0.206551,0.472635
209740,15876,15388,2.4574e+06,172820,5,1,-11043.3,-7065.91,827.33,5.82459,-2.21564,0.383263,18364.8,0.632773,0.137693,2.30599,3.23797,4.45389,-23395.5,2574.66,-447.084,2.42413,-3.1215,0.398403,22039.8,0.69607,0.122835,2.25315,3.18646,3.8744,20564.3,0.667649,0.124848,2.30064,3.18392,4.51282,0.207317,0.0190917,-0.0758072,0.250438,-0.0237022,-0.00156719,0.473128
225120,16402,17333,2.4574e+06,172820,4,1,-14011.8,-19234.1,28337.3,1.05284,-0.906998,-2.19198,26918.1,0.685177,1.11871,4.80506,1.55784,3.60122,2076.16,-12655.1,-2803.66,1.78157,4.99079,-4.22129,26881.8,0.688102,1.11729,4.83839,1.62665,4.82628,25602.8,0.669856,1.08654,4.84358,1.61815,3.53548,0.020002,-0.112496,0.246526,-0.172345,0.0812411,-0.0692939,0.47446
225125,16402,17333,2.4574e+06,172820,4,1,-3092.91,16803.3,6824.18,-2.22924,1.45503,4.63023,26922.7,0.685145,1.11878,4.80499,1.55766,1.90321,-17165.9,8860.37,34147.1,-0.69675,-1.5574,1.60433,26868.9,0.688089,1.11718,4.83838,1.62635,2.76314,25559.8,0.667884,1.10045,4.78928,1.54834,1.92306,-0.0503584,-0.0780431,-0.0867133,-0.017246,0.0751973,0.340236,0.47594
82903,9980,12159,2.4574e+06,86460,2,1,-19251.6,8291.71,6723.95,-2.60126,-0.531388,3.5648,24219.7,0.714619,1.0898,4.36182,2.5667,2.27312,-25432.5,4351.86,18390,-0.710677,-1.15538,2.82982,26031.4,0.674864,1.12403,4.45214,2.62366,2.53019,25858.6,0.702555,1.04819,4.45802,2.54906,2.18541,-0.0646483,-0.193595,0.0638543,0.205811,0.105746,0.125164,0.47693
225105,16402,17333,2.4574e+06,172820,4,1,-13165.4,-19888.6,26614.7,1.1387,-0.783337,-2.36401,26918.1,0.685158,1.11871,4.80513,1.55876,3.64433,3111.53,-8987.14,-5326.51,1.37812,6.59632,-3.5909,26880.2,0.688091,1.11725,4.83856,1.62759,5.16094,25627.6,0.670347,1.08987,4.8412,1.60754,3.58631,0.0170632,-0.105947,0.213084,-0.222972,0.0705762,-0.0650523,0.481334
79990,9927,9850,2.4574e+06,172820,3,1,28220.6,-5414.07,20029.1,0.851663,0.963179,2.45559,26438.1,0.737806,1.09415,4.31585,5.72546,2.66647,-2795.27,14294.6,20652.6,-2.06715,-0.781903,-3.3998,26394.6,0.738404,1.09416,4.33602,5.72695,3.9214,28004.3,0.771701,1.09457,4.3422,5.72587,2.63993,0.230526,-0.0792737,0.108344,-0.0928708,0.14174,0.144249,0.489305
225110,16402,17333,2.4574e+06,172820,4,1,-4736.21,17623.2,10196.4,-2.07575,0.764677,4.29376,26920.6,0.68512,1.11876,4.805,1.55858,2.05128,-17593.9,7839.97,35122.2,-0.624619,-1.59215,1.4634,26869,0.688081,1.11717,4.83848,1.62725,2.79349,25557.6,0.670491,1.10221,4.78133,1.54659,2.08028,-0.0318353,-0.0630385,-0.0978085,-0.0285114,0.0644363,0.365303,0.492676
178865,15387,8621,2.4574e+06,172820,4,1,553.403,-27394.9,-12683.1,2.19278,1.78242,1.09499,23149.2,0.708905,0.44825,1.30921,6.02875,3.65185,-28428.3,-19399.5,-12071,-0.0262078,-2.27907,-0.819709,24926.5,0.719285,0.381029,1.46907,5.81553,2.76984,24757.5,0.735986,0.445348,1.23588,6.05666,3.69999,-0.0185815,0.26087,0.0885011,0.0292677,-0.106266,0.196887,0.50174
122199,11909,10155,2.4574e+06,129640,3,1,-17960.3,-4206.49,5910.24,-1.86645,-2.28461,4.20058,26916.9,0.713487,1.09597,4.60096,3.2062,2.03242,-15954.5,-15901,31693.8,1.08366,-0.959432,1.72322,25819,0.724344,1.08691,4.64554,3.093,2.80784,25361.2,0.699884,1.14095,4.56038,3.22424,2.06511,0.0560035,0.194283,0.017519,-0.113856,-0.27715,0.0243825,0.503567
145530,13666,15832,2.4574e+06,172820,4,1,-17065,-2163.72,6104.23,3.51679,-3.19196,-1.98829,23219.9,0.711119,0.408261,4.25987,1.08818,4.16325,10879.8,14086.1,-624.529,-0.446902,5.04968,1.51851,23785.8,0.716345,0.448033,4.12123,0.986199,2.08092,25947.9,0.709514,0.437221,4.22919,0.988273,4.28506,-0.0433083,-0.172217,-0.232452,0.183451,-0.101734,-0.05208,0.50866
110105,11079,11909,2.4574e+06,172820,4,1,-14040.3,-15744.1,25457,1.07908,-1.07349,2.39203,24797.7,0.712792,1.09304,4.67456,3.30924,2.65792,9982.9,-17531.3,35222.5,1.41566,0.837938,-1.45676,26911.6,0.713568,1.09582,4.60098,3.20324,3.47365,24911.6,0.723138,1.08097,4.68473,3.28519,2.65894,-0.0382179,-0.0656559,0.00192232,0.00109412,0.0784061,-0.426527,0.509669
136765,13075,8462,2.4574e+06,172820,3,1,20580.9,-1744.67,40524.9,-0.113867,1.59372,-0.367375,26862.1,0.71975,1.09973,4.58451,4.66634,3.25198,15387.2,-23269.7,29088,1.01584,0.585398,1.87571,26774.8,0.74508,1.07721,4.43391,4.70107,2.8099,28114.7,0.664739,1.10199,4.49019,4.7403,3.3128,-0.152839,0.165081,-0.0621288,0.0338846,-0.251838,-0.108526,0.509704
122185,11909,10155,2.4574e+06,172820,4,1,-19091.1,-5854.9,8926.79,-1.23763,-2.11759,3.95233,26915,0.713475,1.09596,4.60092,3.20729,2.159,-15976.1,-15881.8,31659.3,1.0815,-0.961588,1.72752,25819,0.724344,1.08691,4.64554,3.093,2.80692,25769.5,0.694811,1.14628,4.57972,3.2357,2.16785,0.0962281,0.194972,0.0450789,-0.11237,-0.269214,-0.0456859,0.51733
34370,6779,16294,2.4574e+06,172820,5,1,20510.5,-3285.01,-1588.67,-2.95328,3.46387,-1.2662,25000.8,0.720185,0.482716,5.5041,2.83632,4.08571,297.076,6603.27,-3144.76,-9.31429,-1.49504,1.78837,23840.5,0.717843,0.451718,5.52363,2.89931,5.64991,22609.2,0.701433,0.45849,5.57963,2.8272,4.01832,0.181155,-0.0617308,0.0924323,-0.0674524,-0.195457,-0.232993,0.524048
182769,15388,15876,2.4574e+06,129640,4,1,-1188.95,-7673.69,936.081,8.97813,1.78816,-0.152571,22025.5,0.696041,0.122763,2.22205,3.2027,5.41868,-24510.8,6277.38,-1125.45,0.997957,-2.93374,0.415882,18368,0.63257,0.1377,2.34537,3.21764,3.60815,19471.2,0.662769,0.124328,2.23641,3.25478,5.35264,-0.154347,0.104515,0.0421003,-0.335375,0.078426,0.0230333,0.536291
145543,13666,15832,2.4574e+06,86460,2,1,4128.9,22261.1,2918,-2.18037,3.28061,1.49713,23222.6,0.711097,0.408377,4.266,1.08496,2.3449,-17283.7,2607,7626.57,2.40736,-3.9063,-1.99717,23783.7,0.716319,0.447851,4.11559,0.989338,4.13202,21558.7,0.735242,0.430613,4.14479,1.10302,2.44961,0.213383,-0.0571262,-0.0229551,-0.134264,-0.219437,-0.19141,0.542738
66130,8621,15387,2.4574e+06,172820,4,1,-23016.8,-3350.54,-5250.82,-2.30445,-3.12811,-1.53138,24924.3,0.719276,0.381102,1.44443,5.82924,2.33076,8475.59,-17033.2,-6831.85,1.62848,3.92994,2.02967,23146.9,0.708969,0.448313,1.32915,6.01703,4.05984,23730.6,0.689643,0.467862,1.31489,5.96457,2.33683,0.238267,0.096269,-0.25048,-0.13731,0.0619893,-0.105851,0.54298
237390,17333,16402,2.4574e+06,172820,3,1,-15068.6,-18513.6,33118.3,0.867947,-1.11784,-1.64005,26869.2,0.688024,1.11714,4.83897,1.63056,3.46021,-18263.9,6839.07,37832,-0.526461,-1.60719,1.03046,26918.1,0.685282,1.11872,4.80456,1.55463,2.89508,28054.6,0.597191,1.12682,4.80238,1.60832,3.50645,-0.0365213,-0.278456,0.00341117,-0.130522,0.239351,0.0529728,0.558586
225119,16402,17333,2.4574e+06,129640,3,1,-14011.8,-19234.1,28337.3,1.05284,-0.906998,-2.19198,26918.1,0.685177,1.11871,4.80506,1.55784,3.60122,3138.9,-8854.65,-5397.99,1.35871,6.65174,-3.55758,26880,0.688089,1.11725,4.83857,1.62759,5.17366,25147.1,0.669413,1.09161,4.87549,1.60831,3.50812,-0.0330877,-0.140534,0.30629,-0.17057,0.040992,-0.13916,0.562531
66139,8621,15387,2.4574e+06,129640,3,1,5063.35,-23565.6,-7581.36,2.07856,3.0208,1.45335,24924.3,0.719288,0.381054,1.44809,5.82688,3.8964,-19324.2,-30271.6,-16481.6,1.41923,-0.936518,-0.256157,23150.6,0.708897,0.448251,1.32696,6.01852,3.11036,23346.8,0.692815,0.430502,1.61636,5.67853,3.86452,0.0121396,-0.265988,0.133238,-0.034434,0.0576972,-0.260037,0.566318
182758,15388,15876,2.4574e+06,86460,2,1,5750.39,16368.4,-1970.1,-2.46386,4.59957,-0.585835,22037.7,0.69614,0.122768,2.21641,3.20567,2.09678,-20274.9,-695.352,-145.8,2.73774,-3.1434,0.466664,18367.3,0.632667,0.137708,2.32566,3.22776,3.90515,21437.3,0.677226,0.124268,2.1968,3.23344,2.08882,-0.0782454,-0.0991086,-0.00307914,-0.447493,0.0760959,0.0297146,0.581199
232640,16657,18953,2.4574e+06,172820,4,1,-13555.5,38157.9,258.409,-1.30348,-1.33142,0.190614,24637.9,0.725046,0.116631,3.0023,1.85764,3.33576,-15551,5050.68,1964.68,2.34086,-5.08889,-0.39609,23620.5,0.715318,0.120463,3.4533,1.37809,4.28023,25512.7,0.731293,0.145752,2.92658,1.86865,3.40056,0.083709,-0.25527,0.0489091,-0.111593,0.0836951,-0.274771,0.581212
225124,16402,17333,2.4574e+06,129640,3,1,-3092.91,16803.3,6824.18,-2.22924,1.45503,4.63023,26922.7,0.685145,1.11878,4.80499,1.55766,1.90321,-17606.3,7808.12,35151.4,-0.622439,-1.59312,1.45904,26869,0.688081,1.11717,4.83848,1.62725,2.79443,25046.1,0.677793,1.10277,4.74083,1.54953,1.97098,-0.0134803,0.0140239,-0.132631,-0.0863278,0.051479,0.467867,0.612591
225104,16402,17333,2.4574e+06,129640,3,1,-13165.4,-19888.6,26614.7,1.1387,-0.783337,-2.36401,26918.1,0.685158,1.11871,4.80513,1.55876,3.64433,3744.23,-4066.22,-7186.17,0.414795,8.33981,-1.836,26865.9,0.687938,1.11717,4.83878,1.6285,5.66571,25184.7,0.668101,1.09952,4.87287,1.59087,3.56228,-0.0464492,-0.137584,0.257235,-0.26827,0.0416695,-0.168884,0.615122
154910,14135,13666,2.4574e+06,172820,4,1,-22843.7,-3233.73,7425.4,2.69283,-2.32631,-1.51946,22243,0.698998,0.406481,4.68794,0.985193,3.85033,-3181.57,29500.4,7301.87,-2.27071,1.54058,1.18153,23223.5,0.711083,0.408366,4.28656,1.07325,2.64231,25204.5,0.656915,0.390646,4.44921,1.03775,4.04062,0.0631481,-0.342539,-0.0165186,0.263744,0.00387235,-0.0389582,0.615336
34354,6779,16294,2.4574e+06,129640,3,1,27086.7,-15275.6,3411.26,-0.800253,2.71619,-1.23377,25002.1,0.720162,0.482704,5.4996,2.83899,3.68804,27547.5,-25961.1,9128.86,0.615378,1.6373,-0.842359,23861.9,0.717902,0.451822,5.51237,2.9059,3.34556,22612.4,0.777662,0.519558,5.65533,2.82108,3.54802,-0.0707237,-0.312262,0.0857574,0.0573371,0.282462,-0.00632909,0.619749
110119,11079,11909,2.4574e+06,129640,3,1,-8333.25,-18947,33425,1.49554,-0.447053,1.32924,24798,0.712836,1.09301,4.67462,3.30777,2.88643,10011.2,-17514.5,35193.3,1.41447,0.840028,-1.46096,26911.6,0.713567,1.09582,4.60098,3.20324,3.47453,25072.6,0.690332,1.08336,4.70206,3.27049,2.8763,0.0787398,-0.038675,-0.0388231,-0.114261,0.130751,-0.504742,0.629708
122198,11909,10155,2.4574e+06,86460,2,1,-17960.3,-4206.49,5910.24,-1.86645,-2.28461,4.20058,26916.9,0.713487,1.09597,4.60096,3.2062,2.03242,-17768.5,-13913.8,28042,0.842494,-1.17152,2.151,25818.9,0.724323,1.08693,4.64546,3.09436,2.71375,25148.1,0.692972,1.15827,4.56353,3.23097,2.0592,0.0951166,0.258417,0.0495117,-0.14909,-0.319265,0.00912408,0.632261
136764,13075,8462,2.4574e+06,129640,2,1,20580.9,-1744.67,40524.9,-0.113867,1.59372,-0.367375,26862.1,0.71975,1.09973,4.58451,4.66634,3.25198,15841.5,-22991.1,29866.4,0.975455,0.644954,1.80116,26774.8,0.745111,1.07721,4.43375,4.7025,2.82768,28461.5,0.632479,1.10214,4.50177,4.74341,3.29981,-0.117283,0.236534,0.0231686,0.0416577,-0.352176,-0.103477,0.634449
172640,15223,15439,2.4574e+06,172820,4,1,-18879.2,-3036.88,33886,0.259653,-1.64367,-1.72001,27002.9,0.713478,1.11773,4.57123,1.20016,3.53388,4339.61,14887.9,2754.24,-1.2259,3.30343,4.83812,26946.3,0.690734,1.12095,4.7546,1.2013,1.72401,24922.4,0.676566,1.11763,4.69675,1.20057,3.40818,-0.25993,-0.0584266,0.455854,-0.0221661,0.0284142,0.1003,0.634574
97080,10722,8134,2.4574e+06,172820,4,1,11358.3,26517,-7125.75,-3.00856,-1.31243,-0.0799861,24837.1,0.714977,0.369449,0.129591,3.61591,3.7383,33574.4,3216.51,-1640.87,1.44416,2.11532,-0.526226,23767.2,0.714082,0.227995,0.626116,3.02587,2.73215,24884.6,0.705992,0.253915,0.661736,3.04852,3.74841,-0.0539035,0.173684,0.448091,-0.123982,-0.0683942,0.075851,0.64422
60770,8418,13075,2.4574e+06,172820,3,1,12448.6,-22777.8,34437.8,1.02851,0.751961,1.41636,26830,0.744059,1.07634,4.52072,4.41557,2.89909,11854.2,14980.3,21741.1,-1.54572,0.797631,-3.11136,26861.3,0.719518,1.09976,4.58477,4.66119,3.83715,28722.1,0.711616,1.15014,4.5451,4.57714,2.80316,-0.119571,0.0508923,0.354883,-0.159318,-0.0399822,0.211849,0.645997
178863,15387,8621,2.4574e+06,86460,2,1,553.403,-27394.9,-12683.1,2.19278,1.78242,1.09499,23149.2,0.708905,0.44825,1.30921,6.02875,3.65185,-15683,3630.15,-1498.41,-4.51435,-3.053,-1.90145,24922,0.719335,0.381145,1.45855,5.82131,1.93486,24503.4,0.718346,0.471262,1.39634,5.87202,3.70523,0.00534461,0.0999806,0.23192,-0.075942,-0.174276,0.347085,0.648345
109305,11079,7382,2.4574e+06,172820,4,1,-14040.3,-15744.1,25457,1.07908,-1.07349,2.39203,24797.7,0.712792,1.09304,4.67456,3.30924,2.65792,-17153.1,-8312.53,9313.38,-0.548367,-2.08621,3.69756,20703.6,0.673973,1.08682,4.46502,3.33309,2.33711,23403,0.669508,1.11489,4.599,3.35091,2.71472,0.189318,0.246103,-0.204055,0.00469455,0.0232668,-0.276089,0.648653
122383,11909,11079,2.4574e+06,86460,1,1,-19091.1,-5854.9,8926.79,-1.23763,-2.11759,3.95233,26915,0.713475,1.09596,4.60092,3.20729,2.159,17604,-8349.5,21464.8,0.436986,1.61409,-2.93767,24797.6,0.712752,1.09304,4.67492,3.30572,3.76388,28772,0.740157,1.13876,4.59914,3.23155,2.15015,-0.170482,0.106318,0.11764,0.134162,0.0448617,0.392847,0.650364
79989,9927,9850,2.4574e+06,129640,2,1,28220.6,-5414.07,20029.1,0.851663,0.963179,2.45559,26438.1,0.737806,1.09415,4.31585,5.72546,2.66647,-1781.87,14636.3,22278,-2.09237,-0.621721,-3.15826,26394.7,0.738422,1.09418,4.33589,5.7284,3.87064,28489.5,0.783636,1.09491,4.34462,5.72618,2.63737,0.303378,-0.110094,0.134145,-0.119099,0.190107,0.202797,0.651915
244045,18949,13882,2.4574e+06,172820,3,1,-4497.91,20810.2,37057.8,-1.52868,0.108979,-0.907308,25747.6,0.702748,1.12122,4.83828,5.92231,3.2895,3561.8,19558.3,40184.3,-1.56897,0.372531,-0.602539,26899.6,0.70124,1.12225,4.68227,5.86926,3.27462,27102.4,0.656257,1.11661,4.74802,5.94084,3.37167,-0.130084,-0.0841068,-0.185251,0.102557,-0.108989,-0.382248,0.651982
122194,11909,10155,2.4574e+06,129640,3,1,12975.3,-15383.1,31488.7,1.24163,1.08531,-1.94971,26911.4,0.713546,1.09585,4.60102,3.20645,3.57848,14151.6,-2925.6,4262.12,-2.16688,2.74714,-5.02365,25826.8,0.724299,1.08704,4.64553,3.09332,4.45399,25455.5,0.744762,1.14013,4.7347,3.07365,3.50298,-0.100585,-0.275298,0.0220934,0.239404,0.266667,0.00737136,0.65237
9185,2643,15246,2.4574e+06,172820,4,1,-2495.96,-12916.6,-6010.21,3.86992,-3.69121,-2.04593,17849.6,0.625947,0.451154,2.42417,0.148432,1.98065,24684.9,6038,2917.82,-3.26397,1.68554,0.780018,23361.2,0.712259,0.438839,2.72497,6.27595,3.83001,23632.1,0.708423,0.434797,2.71135,6.27327,1.83659,0.108694,-0.6104,0.0665033,0.0143152,-0.0293863,-0.00132718,0.656273
60755,8418,13075,2.4574e+06,172820,3,1,13023.6,-22343.1,35175.9,0.993811,0.812475,1.32482,26830.1,0.744088,1.07634,4.52055,4.41699,2.91892,10842.8,15433.9,19748.7,-1.67219,0.627159,-3.34112,26861.4,0.719546,1.09977,4.58473,4.66234,3.89329,28703.1,0.712859,1.15056,4.54274,4.58685,2.82153,-0.121329,0.0406104,0.373245,-0.159925,-0.0427787,0.20416,0.65741
225109,16402,17333,2.4574e+06,129640,3,1,-4736.21,17623.2,10196.4,-2.07575,0.764677,4.29376,26920.6,0.68512,1.11876,4.805,1.55858,2.05128,-17986.9,6766.6,36035.5,-0.552866,-1.62169,1.3228,26869,0.688074,1.11715,4.83857,1.62816,2.82357,25031.9,0.684745,1.10456,4.72958,1.54831,2.13126,0.00234109,0.0409784,-0.13869,-0.103334,0.028533,0.503473,0.659395
122180,11909,10155,2.4574e+06,172820,4,1,13881.2,-14532.3,29979.1,1.16044,1.17556,-2.13257,26911.3,0.713538,1.09585,4.60103,3.20752,3.61827,14194.7,-2980.49,4362.49,-2.1341,2.74031,-5.01367,25826.6,0.724298,1.08704,4.64553,3.09332,4.44785,25837.4,0.745366,1.14737,4.72141,3.0706,3.55744,-0.116673,-0.265736,-0.0453981,0.227716,0.28606,0.0465154,0.662326
187375,15439,15223,2.4574e+06,172820,3,1,-18401.1,-13426.3,25604,0.875945,-1.13211,-2.53304,26937.6,0.690657,1.12083,4.75488,1.20426,3.69131,-8049.75,23048,32742.2,-1.15838,-0.635103,1.73576,27003.4,0.7136,1.11778,4.57068,1.19547,2.81341,29563.1,0.718367,1.12139,4.67987,1.20334,3.76671,0.157824,0.103521,-0.233313,0.0934248,-0.143763,-0.320388,0.66348
86440,10025,16528,2.4574e+06,172820,4,1,-1055.52,-38089.6,12436.7,1.70744,0.720934,-0.601671,24770.2,0.720339,0.369321,5.02695,2.5463,3.36346,11577.3,-10110.9,-1471.29,-0.607171,5.60376,-1.82812,24134.9,0.7187,0.533035,5.24789,2.26075,4.36552,25533.9,0.735477,0.472669,5.25689,2.2354,3.41803,-0.0851581,0.161804,-0.329673,-0.0312919,-0.156022,-0.243512,0.667879
232643,16657,18953,2.4574e+06,86460,2,1,2310.69,-6420.6,-47.7577,9.62098,2.58933,-1.16713,24612.9,0.725008,0.116642,3.00463,1.85649,0.197134,-14686.9,3454.24,1823.36,2.80726,-5.24368,-0.451431,23619.6,0.715291,0.120385,3.44126,1.38411,4.36874,20738.3,0.673236,0.138871,3.00613,1.86616,0.18604,-0.193382,0.0289963,-0.200032,0.20893,-0.0992035,-0.313291,0.669148
136770,13075,8462,2.4574e+06,172820,3,1,7326.61,15963.5,12914.8,-2.12186,-0.173265,-4.14677,26862.8,0.719621,1.09982,4.58454,4.66586,4.11307,21147.1,-5693.09,39423,-0.211364,1.6007,-0.428091,26774.8,0.745136,1.07714,4.43411,4.70052,3.29891,28017.9,0.663836,1.07604,4.4114,4.69002,4.27499,-0.115426,0.420591,-0.00932738,-0.0577805,-0.215217,-0.0681988,0.669283
109819,11079,10155,2.4574e+06,129640,3,1,-8333.25,-18947,33425,1.49554,-0.447053,1.32924,24798,0.712836,1.09301,4.67462,3.30777,2.88643,14151.6,-2925.6,4262.12,-2.16688,2.74714,-5.02365,25826.8,0.724299,1.08704,4.64553,3.09332,4.45399,23820.5,0.70902,1.04905,4.68625,3.10811,2.97075,0.063574,-0.117704,-0.438193,-0.0427464,-0.111976,-0.176712,0.671683
80000,9927,9850,2.4574e+06,172820,3,1,-3585.71,13668.6,18757.7,-2.07647,-0.951974,-3.69447,26435.4,0.73782,1.09405,4.31615,5.72434,3.99126,22127.1,9711.48,38617.9,-1.26832,0.877506,0.143875,26396.7,0.73848,1.09413,4.33593,5.72613,3.21379,27883.1,0.710251,1.09379,4.21296,5.72493,4.09417,-0.195116,0.108858,-0.0175367,0.292063,0.0224984,0.339966,0.672875
97079,10722,8134,2.4574e+06,129640,3,1,11358.3,26517,-7125.75,-3.00856,-1.31243,-0.0799861,24837.1,0.714977,0.369449,0.129591,3.61591,3.7383,12756.4,-9714.42,1908.17,5.62326,0.919728,-0.35836,23761.5,0.714167,0.228014,0.619336,3.02925,1.97214,25252,0.717967,0.249071,0.726622,2.97764,3.75218,-0.0592468,0.109017,0.509333,-0.0701262,-0.0501539,0.121385,0.673115
143534,13658,18953,2.4574e+06,129640,3,1,-3085.95,39551.3,2943.14,-1.55882,-0.104346,0.675118,23251,0.711459,0.412553,3.34319,1.47833,3.12558,5745.89,36712.7,146.876,-1.61748,1.38442,0.223645,23627.2,0.715188,0.120459,3.44387,1.38289,2.87221,22642.8,0.759233,0.295601,3.3692,1.40257,3.17076,0.0860084,-0.18595,-0.247746,-0.205371,0.113031,-0.26513,0.675388
122184,11909,10155,2.4574e+06,129640,3,1,-19091.1,-5854.9,8926.79,-1.23763,-2.11759,3.95233,26915,0.713475,1.09596,4.60092,3.20729,2.159,-17785.3,-13890.3,27998.9,0.839452,-1.17389,2.1558,25818.9,0.724323,1.08693,4.64546,3.09436,2.71267,25761.4,0.686443,1.16792,4.59026,3.24747,2.15257,0.141188,0.268014,0.0912508,-0.148844,-0.321323,-0.078501,0.679092
109804,11079,10155,2.4574e+06,129640,3,1,-14040.3,-15744.1,25457,1.07908,-1.07349,2.39203,24797.7,0.712792,1.09304,4.67456,3.30924,2.65792,16157.3,-7537.92,12885.9,-0.247521,2.12931,-4.02571,25820,0.724262,1.08699,4.64562,3.09463,4.05605,23472.5,0.711695,1.02442,4.68479,3.16014,2.7209,0.0572846,-0.166866,-0.318079,-0.0536857,-0.146274,-0.27847,0.682829
149990,13897,13882,2.4574e+06,172820,3,1,3906.97,19994.5,41251.9,-1.57678,0.0542024,-0.169127,26915.1,0.71887,1.1143,4.59967,6.19616,3.20747,21192.9,6756.49,30552.5,-0.575058,1.32726,2.04544,26899.3,0.701184,1.12228,4.68209,5.86968,2.71443,27945.9,0.652538,1.12182,4.74651,5.86866,3.20493,-0.0537858,0.485922,-0.167824,0.139717,-0.0827995,-0.0358811,0.683217
95065,10485,10949,2.4574e+06,172820,4,1,-16486.5,-2748.23,15349.2,1.11253,-1.71894,-4.01184,26854.3,0.743146,1.10008,4.53569,0.651427,4.02741,2927.94,23509.6,25302.2,-1.27765,0.476621,2.51192,26878.4,0.74476,1.09836,4.59953,0.86957,2.64464,25227.3,0.76396,1.02961,4.58266,0.749898,3.93266,0.28707,-0.0696075,0.247231,0.0664489,-0.115701,0.26664,0.683358
136755,13075,8462,2.4574e+06,172820,3,1,5940.67,15733,10254.9,-2.30428,-0.614809,-4.46623,26864,0.719646,1.09984,4.58444,4.66705,4.21641,21060.7,-5021.23,39235.8,-0.250979,1.60987,-0.497664,26774.8,0.745163,1.07715,4.43395,4.70194,3.31269,28022.6,0.668718,1.07576,4.40428,4.68681,4.38739,-0.132244,0.445887,-0.0374537,-0.0497534,-0.210621,-0.0388121,0.686461
122189,11909,10155,2.4574e+06,129640,3,1,-8734.82,-20859.7,39371.1,1.48101,-0.261918,0.696215,26911.9,0.713583,1.09584,4.60083,3.2069,3.02934,2120.11,-20283.4,38354.9,1.57894,0.241314,-0.602084,25819.3,0.724387,1.08689,4.64568,3.09381,3.27942,25470.3,0.802905,1.0842,4.5919,3.14516,3.06682,-0.259432,-0.0363397,-0.124206,0.2413,-0.209234,0.24055,0.689755
187360,15439,15223,2.4574e+06,172820,3,1,-17623,-14309.1,23482.6,1.03106,-1.01234,-2.74285,26937.7,0.690636,1.12083,4.75494,1.20519,3.74511,-9169.04,22363.6,34328.8,-1.11118,-0.759395,1.55422,27003.4,0.713569,1.11777,4.57075,1.19649,2.85426,29565.4,0.719994,1.12116,4.68799,1.20469,3.81228,0.150997,0.114085,-0.210475,0.107499,-0.160652,-0.359532,0.691248
237389,17333,16402,2.4574e+06,129640,2,1,-15068.6,-18513.6,33118.3,0.867947,-1.11784,-1.64005,26869.2,0.688024,1.11714,4.83897,1.63056,3.46021,-18649.6,5562.39,38572.8,-0.452649,-1.63208,0.880615,26918.1,0.68527,1.1187,4.80466,1.55552,2.92688,28383.1,0.57339,1.12551,4.78995,1.6113,3.51759,-0.0322423,-0.346272,0.0146582,-0.154895,0.291705,0.0940049,0.691475
237385,17333,16402,2.4574e+06,172820,3,1,-18852.3,3621.43,38147.3,-0.360302,-1.67665,0.944286,26869.1,0.688055,1.11712,4.8388,1.63094,2.90377,2178.48,9403.81,-4177.62,-2.12103,5.97173,4.56428,26931.7,0.685301,1.11881,4.80476,1.55485,1.02113,28027.7,0.679761,1.11094,4.94458,1.55917,2.82966,-0.198444,-0.0410274,0.1435,0.215357,0.263812,-0.286772,0.693517
244044,18949,13882,2.4574e+06,129640,2,1,-4497.91,20810.2,37057.8,-1.52868,0.108979,-0.907308,25747.6,0.702748,1.12122,4.83828,5.92231,3.2895,2389.75,19809.7,39695.9,-1.57908,0.306392,-0.733445,26899.5,0.701233,1.12226,4.68229,5.87029,3.3017,27158.5,0.639726,1.11401,4.75551,5.95156,3.35947,-0.177389,-0.0573671,-0.123643,0.148399,-0.13328,-0.434918,0.702184
79985,9927,9850,2.4574e+06,172820,3,1,-2731.03,14024.9,20248,-2.11299,-0.790991,-3.46412,26435.4,0.737814,1.09408,4.31604,5.72576,3.94173,22759.2,9281.76,38521.3,-1.22096,0.896291,0.227475,26396.8,0.738492,1.09416,4.33579,5.72757,3.19667,27878.8,0.704673,1.09382,4.20795,5.72643,4.04951,-0.204888,0.120786,-0.00711114,0.31361,0.0133583,0.346156,0.70523
198773,15832,9330,2.4574e+06,86460,2,1,-14401.5,-1158.32,5499.09,3.59497,-3.96314,-2.48548,23782.1,0.716297,0.447859,4.10634,0.994755,4.35448,6646.19,29054.2,5428.89,-1.69268,2.56409,0.71474,24358.5,0.723538,0.230356,4.59392,0.456518,2.59172,24546.3,0.723647,0.456763,4.11755,0.9662,4.36896,0.0144459,-0.000960275,-0.0811754,-0.1423,0.122925,-0.594011,0.705521
198759,15832,9330,2.4574e+06,129640,3,1,-21443.8,21399,14226,-0.273763,-2.58317,-0.5616,23787.9,0.716267,0.447792,4.10041,0.99834,3.56203,6680.05,29002.8,5414.57,-1.69077,2.57243,0.716299,24358.4,0.723538,0.230356,4.59392,0.45652,2.59023,24321.9,0.724637,0.44437,4.11997,0.952356,3.58396,0.0561814,-0.0566242,-0.0826906,-0.139538,0.136339,-0.557957,0.705973
91440,10155,17081,2.4574e+06,172820,4,1,-6843.86,-20120.6,38816,1.51676,-0.29494,0.434596,25819.3,0.724386,1.08691,4.64538,3.0979,3.07354,1274.82,-21796.8,39203.8,1.58404,-0.447115,-0.539793,26996.5,0.668378,1.1151,4.88493,2.70506,3.20228,26054.4,0.732338,1.07457,4.76151,2.96331,3.02084,-0.0653183,-0.265406,0.108561,0.0649676,-0.390527,-0.145092,0.71574
40699,7382,11079,2.4574e+06,129640,3,1,-16043.1,-13741.4,19644.2,0.932138,-1.14801,2.48894,20701.5,0.674021,1.08677,4.46445,3.33901,2.6966,-12132.3,-1803.95,-325.791,-3.77586,-3.20418,4.93789,24811.9,0.712811,1.09316,4.67505,3.30295,1.57823,22571.4,0.706558,1.06165,4.57023,3.30403,2.6075,-0.214328,-0.276514,0.237271,0.0801138,0.0658949,0.274194,0.715882
209750,15876,15388,2.4574e+06,172820,5,1,6631.43,10274.6,-1332.55,-2.5116,6.0044,-0.860411,18363.8,0.63276,0.137663,2.31413,3.23403,1.73729,-28619.1,13350.7,-1794.26,0.5505,-2.59077,0.322388,22041.5,0.696006,0.122828,2.259,3.18337,3.54282,21139.8,0.711281,0.130054,2.34566,3.15448,1.78459,0.40859,0.38502,0.021249,0.0813016,-0.136376,0.000608114,0.720589
244030,18949,13882,2.4574e+06,172820,3,1,-1308.24,20359.8,38538.6,-1.55892,0.318757,-0.518848,25747.7,0.70275,1.12121,4.83831,5.92349,3.2093,2421.32,19803.6,39710.6,-1.57886,0.30819,-0.729838,26899.5,0.701233,1.12226,4.68229,5.87029,3.30096,26837.8,0.663378,1.11177,4.7254,5.98091,3.29701,-0.134884,-0.170648,-0.215284,0.109412,-0.0461349,-0.397363,0.720767
237384,17333,16402,2.4574e+06,129640,2,1,-18852.3,3621.43,38147.3,-0.360302,-1.67665,0.944286,26869.1,0.688055,1.11712,4.8388,1.63094,2.90377,382.321,13151.6,-381.002,-2.39504,3.81064,5.05045,26930.7,0.685255,1.11882,4.80493,1.55579,1.44608,28390.9,0.670097,1.11072,4.96508,1.55608,2.81053,-0.216475,-0.0723131,0.1676,0.169784,0.334267,-0.227998,0.72196
82902,9980,12159,2.4574e+06,43280,1,1,-19251.6,8291.71,6723.95,-2.60126,-0.531388,3.5648,24219.7,0.714619,1.0898,4.36182,2.5667,2.27312,-24125.9,5859.17,14260.4,-1.20775,-1.05284,3.15669,26032,0.674833,1.12405,4.45229,2.62459,2.41598,25673.7,0.711731,1.00448,4.44368,2.52952,2.20987,-0.172476,-0.254351,-0.0465991,0.302008,0.160786,0.229947,0.723062
69443,8840,4069,2.4574e+06,86460,2,1,22809.1,2130.05,-8079.5,-2.85995,2.5556,1.4234,24785.7,0.717504,0.376609,1.2215,1.19439,3.93174,20431.2,-28088,-9405.44,2.53325,0.0729114,-0.716865,26192.9,0.667055,0.30356,1.53005,1.15554,2.67578,23365.5,0.753058,0.352742,1.16042,1.37316,3.82573,-0.101535,-0.21972,-0.185541,0.410155,0.07517,0.0496774,0.724914
34373,6779,16294,2.4574e+06,86460,1,1,4655.03,-32273,15383.8,2.08922,-1.30413,0.321218,25002.1,0.720145,0.482565,5.50604,2.83516,2.75197,-8812.72,-1101.09,1521.47,-2.42304,-7.23139,3.68752,23851.8,0.717962,0.451852,5.514,2.90514,1.16626,28310.3,0.760581,0.467694,5.53686,2.91984,2.64584,0.0681697,-0.428102,0.292601,0.0623778,0.0646914,-0.183357,0.7272
199460,15832,13666,2.4574e+06,172820,5,1,-21443.8,21399,14226,-0.273763,-2.58317,-0.5616,23787.9,0.716267,0.447792,4.10041,0.99834,3.56203,-3181.57,29500.4,7301.87,-2.27071,1.54058,1.18153,23223.5,0.711083,0.408366,4.28656,1.07325,2.64231,21405.8,0.762553,0.468901,4.08345,1.17097,3.42409,0.0303591,0.340166,0.232875,-0.305534,0.0738976,-0.0246937,0.72867
244054,18949,13897,2.4574e+06,129640,3,1,-1308.24,20359.8,38538.6,-1.55892,0.318757,-0.518848,25747.7,0.70275,1.12121,4.83831,5.92349,3.2093,-14679.2,12542.6,22759.7,-0.878859,-1.41122,-3.02264,26914.3,0.718829,1.11432,4.59975,6.19344,3.8099,25159.9,0.75176,1.08605,4.67553,6.2459,3.22585,0.0574335,-0.474089,0.117854,-0.155625,0.0671951,-0.166276,0.729332
244055,18949,13897,2.4574e+06,172820,4,1,-1308.24,20359.8,38538.6,-1.55892,0.318757,-0.518848,25747.7,0.70275,1.12121,4.83831,5.92349,3.2093,-13927.1,13590.4,24986.1,-1.03127,-1.27255,-2.77118,26914.3,0.718862,1.1143,4.59977,6.1923,3.75132,25664.1,0.734513,1.08574,4.63348,6.25335,3.26443,0.00187354,-0.548103,-0.00423869,-0.0635477,0.080883,-0.14961,0.729681
198762,15832,9330,2.4574e+06,43280,1,1,9016.64,22586.5,2249.93,-1.32566,3.47157,1.44035,23787.3,0.716281,0.447972,4.10253,0.99725,2.39498,219.272,36058,7545.54,-1.82878,1.30959,0.466027,24359.7,0.723479,0.230321,4.58314,0.462023,2.81342,24254.6,0.757736,0.336414,4.1294,0.923239,2.43661,0.11029,0.201173,-0.326577,-0.157336,-0.0488539,-0.286732,0.729798
198763,15832,9330,2.4574e+06,86460,2,1,9016.64,22586.5,2249.93,-1.32566,3.47157,1.44035,23787.3,0.716281,0.447972,4.10253,0.99725,2.39498,-9401.03,39337.9,9246.47,-1.68001,-0.0152921,0.17117,24360.3,0.723462,0.230313,4.58962,0.4586,3.04607,24380.4,0.736511,0.27403,4.23023,0.85561,2.40032,-0.0521643,0.196525,-0.471784,-0.0290239,-0.09531,-0.193959,0.731786
34359,6779,16294,2.4574e+06,129640,2,1,-3580.91,-24888,13001.9,2.08731,-2.62508,0.985466,25000.6,0.720193,0.482533,5.50133,2.83808,2.49519,-8763.29,-956.338,1447.58,-2.52005,-7.24273,3.70393,23851.8,0.717963,0.451855,5.514,2.90514,1.14939,27321.4,0.762455,0.47825,5.44881,2.92797,2.46798,-0.0877473,-0.218325,0.235265,0.316465,-0.0924704,-0.230169,0.734831
122195,11909,10155,2.4574e+06,172820,4,1,12975.3,-15383.1,31488.7,1.24163,1.08531,-1.94971,26911.4,0.713546,1.09585,4.60102,3.20645,3.57848,5353.88,2444.2,-5149.19,-8.25264,2.31032,-3.61459,25824.3,0.724316,1.08696,4.64574,3.09213,5.61785,25529.9,0.727359,1.11956,4.70165,3.13205,3.5111,-0.0296278,-0.195611,0.0898973,0.131222,0.499181,-0.042263,0.735176
76237,9330,15832,2.4574e+06,43280,1,1,9610.63,23819.1,3980.2,-1.40674,3.40385,0.861401,24357.6,0.723533,0.230351,4.57661,0.465432,2.44173,-2379.8,35802.9,10338.7,-1.76384,0.797754,0.919433,23788.6,0.716227,0.447914,4.10796,0.99408,2.8688,23868.6,0.685986,0.35894,4.31688,0.761523,2.41738,-0.098589,-0.220626,0.392754,0.140984,0.0624578,0.22661,0.735239
147389,13882,13016,2.4574e+06,129640,2,1,18976.5,10373.1,35472.2,-0.943668,1.17119,1.45207,26899.4,0.701168,1.12229,4.68221,5.87378,2.84643,17254.6,-4022.35,2973.31,3.1616,1.07211,4.08025,24038.5,0.685447,1.11745,4.45973,5.97231,2.00861,28099.4,0.665075,1.15746,4.70086,5.98048,2.78317,-0.129502,-0.0849433,0.182527,0.240753,-0.0868043,-0.427023,0.73722
246470,18953,13658,2.4574e+06,172820,4,1,-6534.66,39780.3,1635.46,-1.60678,-0.524149,0.179924,23627.8,0.715139,0.120365,3.42659,1.39156,3.20094,11304.5,26766,-3643.79,-1.08065,2.92235,0.609794,23249.7,0.711553,0.412736,3.37237,1.46164,2.59539,23885.8,0.689245,0.293541,3.28941,1.59899,3.13433,-0.0509357,0.25977,0.323213,0.196523,-0.0399292,0.249136,0.737601
136775,13075,8462,2.4574e+06,172820,4,1,12705,-20898.1,26839.5,1.20365,0.586307,2.30721,26861.9,0.719657,1.09978,4.58439,4.66563,2.67696,4456.89,12847.7,7986.63,-2.81249,-0.782311,-5.2098,26777.6,0.745018,1.07727,4.43411,4.69991,4.37801,24132.4,0.707525,1.10661,4.45009,4.67693,2.80616,-0.198476,0.202629,-0.356674,-0.195969,-0.201983,-0.0281503,0.738537
63249,8462,13075,2.4574e+06,129640,3,1,-624.01,8934.56,-1269.65,-3.30069,-5.04459,-6.07554,26798.1,0.745301,1.07737,4.43326,4.70581,5.15157,10262.3,-21677,22265.5,1.40675,0.206061,2.73863,26862.1,0.719541,1.09979,4.58453,4.66213,2.56739,25332.6,0.738214,1.14297,4.48653,4.71743,5.09312,0.512791,-0.10736,-0.0952922,0.191045,0.0335048,0.0706948,0.738947
178868,15387,8621,2.4574e+06,86460,2,1,-24632.4,-11004.9,-8113.86,-0.874884,-2.86951,-1.44182,23149.3,0.708903,0.448347,1.31114,6.02791,2.55716,-24912.2,-30607.7,-15426.5,1.06437,-1.27279,-0.265819,24927.1,0.719257,0.381003,1.46028,5.82031,3.04715,24707.9,0.767837,0.385042,1.45908,5.86716,2.55634,-0.409945,-0.0965894,0.131851,0.257871,0.101547,0.11156,0.740082
218138,16294,6779,2.4574e+06,86460,1,1,21365.5,-3339.35,-761.605,-2.77975,3.29258,-1.2523,23860,0.718023,0.45186,5.49903,2.91392,4.00645,28243.8,-21980.1,6450.76,-0.0217786,2.18929,-1.08907,25002.5,0.720094,0.48271,5.512,2.83138,3.52065,27838.1,0.697476,0.411683,5.30856,2.9058,4.20429,0.0482525,0.372265,-0.0249936,0.0948504,-0.350861,-0.0225411,0.740364
